" -----Welcome to Employee Payroll Service program on MySQL DB-----"
-------------------------------------------------------------------------
UC1-> Create a database Payroll_service and Show and Used that data base
-------------------------------------------------------------------------

mysql> create database payroll_service;
Query OK, 1 row affected (0.01 sec)

mysql> show databases;
+--------------------+
| Database           |
+--------------------+
| information_schema |
| mysql              |
| payroll_service    |
| performance_schema |
| sys                |
| world              |
+--------------------+
6 rows in set (0.00 sec)

mysql> use payroll_service;
Database changed

--------------------------------------------------------------------------------
UC2 -> Created table employee_payroll into payroll_service database
--------------------------------------------------------------------------------

mysql> CREATE TABLE employee_payroll
    -> (
    -> id            INT unsigned NOT NULL AUTO_INCREMENT,
    -> name          VARCHAR(150) NOT NULL,
    -> salary        Double NOT NULL,
    -> start         DATE NOT NULL,
    -> PRIMARY KEY   (id)
    -> );
Query OK, 0 rows affected (0.05 sec)

mysql> DESCRIBE employee_payroll;
+--------+--------------+------+-----+---------+----------------+
| Field  | Type         | Null | Key | Default | Extra          |
+--------+--------------+------+-----+---------+----------------+
| id     | int unsigned | NO   | PRI | NULL    | auto_increment |
| name   | varchar(150) | NO   |     | NULL    |                |
| salary | double       | NO   |     | NULL    |                |
| start  | date         | NO   |     | NULL    |                |
+--------+--------------+------+-----+---------+----------------+
4 rows in set (0.02 sec)

--------------------------------------------------------------------------------
UC3 -> Inserted employee data in table employee_payroll of payroll_service database
--------------------------------------------------------------------------------
mysql> INSERT INTO employee_payroll( name, salary, start ) VALUES
    -> ( 'Ashwini', 100000, '2018-01-03' ),
    -> ( 'Vishu', 200000, '2019-11-13' ),
    -> ( 'Akanksha', 300000, '2020-05-21' );
Query OK, 3 rows affected (0.01 sec)
Records: 3  Duplicates: 0  Warnings: 0

------------------------------------------------------------------------------------------
UC4 -> Retrieved all employee data from table employee_payroll of payroll_service database
------------------------------------------------------------------------------------------

mysql> SELECT * FROM employee_payroll;
+----+----------+--------+------------+
| id | name     | salary | start      |
+----+----------+--------+------------+
|  1 | Ashwini  | 100000 | 2018-01-03 |
|  2 | Vishu    | 200000 | 2019-11-13 |
|  3 | Akanksha | 300000 | 2020-05-21 |
+----+----------+--------+------------+
3 rows in set (0.00 sec)

------------------------------------------------------------------------------------------------------
UC5 -> Retrieved particular employee's salary and all employees who have joined from a particular date
------------------------------------------------------------------------------------------------------
mysql> SELECT salary FROM employee_payroll WHERE name = 'Ashwini';
+--------+
| salary |
+--------+
| 100000 |
+--------+
1 row in set (0.00 sec)

mysql> SELECT * FROM employee_payroll
    -> WHERE start BETWEEN CAST('2018-01-01' AS DATE) AND DATE(NOW());
+----+----------+--------+------------+
| id | name     | salary | start      |
+----+----------+--------+------------+
|  1 | Ashwini  | 100000 | 2018-01-03 |
|  2 | Vishu    | 200000 | 2019-11-13 |
|  3 | Akanksha | 300000 | 2020-05-21 |
+----+----------+--------+------------+
3 rows in set (0.00 sec)
